{"dedup_dropped":0,"metrics":{"avg_len":34.666666666666664,"count":12,"len_penalty":0.009523809523809592,"title_presence_ratio":1.0,"unique_count":12,"unique_ratio":1.0},"score":95}
